Row Labels,year,Sum of suicides_no
Albania,,
Albania,2000,54
Albania,2001,119
Albania,2002,133
Albania,2003,124
Albania,2004,146
Albania,2005,0
Albania,2006,0
Albania,2007,124
Albania,2008,160
Albania,2009,0
Albania,2010,96
Albania,2011,
Albania,2012,
Albania,2013,
Albania,2014,
Albania,2015,
Anguilla,,
Anguilla,2000,0
Anguilla,2001,0
Anguilla,2002,1
Anguilla,2003,0
Anguilla,2004,0
Anguilla,2005,0
Anguilla,2006,0
Anguilla,2008,0
Anguilla,2009,0
Anguilla,2010,0
Anguilla,2011,1
Anguilla,2012,0
Anguilla,2013,0
Anguilla,2014,0
Anguilla,2015,0
Antigua and Barbuda,,
Antigua and Barbuda,2000,2
Antigua and Barbuda,2001,2
Antigua and Barbuda,2002,0
Antigua and Barbuda,2003,1
Antigua and Barbuda,2004,2
Antigua and Barbuda,2005,0
Antigua and Barbuda,2006,0
Antigua and Barbuda,2007,1
Antigua and Barbuda,2008,0
Antigua and Barbuda,2009,0
Antigua and Barbuda,2012,0
Antigua and Barbuda,2013,0
Antigua and Barbuda,2014,0
Antigua and Barbuda,2015,1
Argentina,,
Argentina,2000,2774
Argentina,2001,3132
Argentina,2002,3162
Argentina,2003,3289
Argentina,2004,3121
Argentina,2005,3058
Argentina,2006,3108
Argentina,2007,2946
Argentina,2008,3059
Argentina,2009,2884
Argentina,2010,2943
Argentina,2011,2912
Argentina,2012,3248
Argentina,2013,2987
Argentina,2014,3231
Argentina,2015,3073
Armenia,,
Armenia,2000,61
Armenia,2001,60
Armenia,2002,74
Armenia,2003,59
Armenia,2004,
Armenia,2005,
Armenia,2006,78
Armenia,2007,71
Armenia,2008,63
Armenia,2009,53
Armenia,2010,73
Armenia,2011,67
Armenia,2012,79
Armenia,2013,67
Armenia,2014,58
Armenia,2015,74
Aruba,,
Aruba,2000,10
Aruba,2001,4
Aruba,2002,9
Aruba,2003,2
Aruba,2004,8
Aruba,2005,10
Aruba,2006,9
Aruba,2007,8
Aruba,2008,4
Aruba,2009,4
Aruba,2010,7
Aruba,2011,9
Aruba,2012,3
Aruba,2013,2
Aruba,2014,5
Aruba,2015,9
Australia,,
Australia,2000,2391
Australia,2001,2458
Australia,2002,2319
Australia,2003,2156
Australia,2004,2114
Australia,2005,
Australia,2006,2117
Australia,2007,2229
Australia,2008,2341
Australia,2009,2337
Australia,2010,2420
Australia,2011,2392
Australia,2012,2580
Australia,2013,2608
Australia,2014,2891
Australia,2015,3027
Austria,,
Austria,2000,1588
Austria,2001,1489
Austria,2002,1553
Austria,2003,1456
Austria,2004,1422
Austria,2005,1399
Austria,2006,1297
Austria,2007,1285
Austria,2008,1267
Austria,2009,1278
Austria,2010,1264
Austria,2011,1288
Austria,2012,1276
Austria,2013,1291
Austria,2014,1314
Austria,2015,1251
Azerbaijan,,
Azerbaijan,2000,62
Azerbaijan,2001,317
Azerbaijan,2002,92
Azerbaijan,2003,129
Azerbaijan,2004,108
Azerbaijan,2005,
Azerbaijan,2007,55
Bahamas,,
Bahamas,2000,11
Bahamas,2001,1
Bahamas,2002,3
Bahamas,2003,1
Bahamas,2004,2
Bahamas,2005,4
Bahamas,2006,2
Bahamas,2007,5
Bahamas,2008,4
Bahamas,2009,6
Bahamas,2010,10
Bahamas,2011,4
Bahamas,2012,5
Bahamas,2013,5
Bahrain,,
Bahrain,2000,29
Bahrain,2001,23
Bahrain,2002,25
Bahrain,2003,34
Bahrain,2004,42
Bahrain,2005,42
Bahrain,2006,28
Bahrain,2007,40
Bahrain,2008,43
Bahrain,2009,36
Bahrain,2010,19
Bahrain,2011,18
Bahrain,2012,19
Bahrain,2013,5
Bahrain,2014,9
Barbados,,
Barbados,2000,10
Barbados,2001,2
Barbados,2002,0
Barbados,2003,0
Barbados,2004,3
Barbados,2005,1
Barbados,2006,9
Barbados,2007,0
Barbados,2008,1
Barbados,2009,5
Barbados,2010,3
Barbados,2011,0
Barbados,2012,0
Barbados,2013,0
Belarus,,
Belarus,2000,3483
Belarus,2001,3303
Belarus,2002,3291
Belarus,2003,3456
Belarus,2004,
Belarus,2005,
Belarus,2006,
Belarus,2007,2659
Belarus,2008,2658
Belarus,2009,2743
Belarus,2010,2459
Belarus,2011,2172
Belarus,2012,
Belarus,2013,1902
Belarus,2014,1741
Belarus,2015,
Belgium,,
Belgium,2000,2143
Belgium,2001,2165
Belgium,2002,2076
Belgium,2003,2091
Belgium,2004,1987
Belgium,2005,2029
Belgium,2006,1935
Belgium,2007,1857
Belgium,2008,1999
Belgium,2009,2013
Belgium,2010,2013
Belgium,2011,2088
Belgium,2012,2026
Belgium,2013,1895
Belgium,2014,1899
Belgium,2015,1867
Belize,,
Belize,2000,18
Belize,2001,19
Belize,2002,14
Belize,2003,12
Belize,2004,20
Belize,2005,12
Belize,2006,11
Belize,2007,8
Belize,2008,11
Belize,2009,15
Belize,2010,15
Belize,2011,33
Belize,2012,18
Belize,2013,17
Belize,2014,24
Belize,2015,26
Bermuda,,
Bermuda,2000,1
Bermuda,2001,3
Bermuda,2002,3
Bermuda,2003,0
Bermuda,2004,0
Bermuda,2005,3
Bermuda,2006,1
Bermuda,2007,1
Bermuda,2008,1
Bermuda,2009,3
Bermuda,2010,3
Bermuda,2011,0
Bermuda,2012,2
Bermuda,2013,0
Bermuda,2014,1
Bermuda,2015,0
Bolivia,,
Bolivia,2000,11
Bolivia,2001,8
Bolivia,2002,18
Bolivia,2003,17
Bosnia and Herzegovina,,
Bosnia and Herzegovina,2010,
Bosnia and Herzegovina,2011,5
Bosnia and Herzegovina,2012,
Bosnia and Herzegovina,2014,313
Brazil,,
Brazil,2000,6763
Brazil,2001,7710
Brazil,2002,7697
Brazil,2003,7839
Brazil,2004,7995
Brazil,2005,8529
Brazil,2006,8618
Brazil,2007,8855
Brazil,2008,9184
Brazil,2009,9346
Brazil,2010,9429
Brazil,2011,9822
Brazil,2012,10295
Brazil,2013,10513
Brazil,2014,10631
Brazil,2015,11163
British Virgin Islands,,
British Virgin Islands,2000,0
British Virgin Islands,2001,1
British Virgin Islands,2002,0
British Virgin Islands,2003,1
British Virgin Islands,2004,0
British Virgin Islands,2006,0
British Virgin Islands,2008,0
British Virgin Islands,2009,0
British Virgin Islands,2010,0
Brunei Darussalam,,
Brunei Darussalam,2000,5
Brunei Darussalam,2001,4
Brunei Darussalam,2002,1
Brunei Darussalam,2003,5
Brunei Darussalam,2004,3
Brunei Darussalam,2005,7
Brunei Darussalam,2006,10
Brunei Darussalam,2007,10
Brunei Darussalam,2008,9
Brunei Darussalam,2009,2
Brunei Darussalam,2010,5
Brunei Darussalam,2011,5
Brunei Darussalam,2012,8
Brunei Darussalam,2013,4
Brunei Darussalam,2014,5
Brunei Darussalam,2015,7
Bulgaria,,
Bulgaria,2000,1383
Bulgaria,2001,1314
Bulgaria,2002,1317
Bulgaria,2003,1092
Bulgaria,2004,1013
Bulgaria,2005,982
Bulgaria,2006,977
Bulgaria,2007,902
Bulgaria,2008,939
Bulgaria,2009,868
Bulgaria,2010,859
Bulgaria,2011,763
Bulgaria,2012,872
Bulgaria,2013,721
Bulgaria,2014,724
Cabo Verde,,
Cabo Verde,2011,42
Canada,,
Canada,2000,3606
Canada,2001,3694
Canada,2002,3650
Canada,2003,3765
Canada,2004,3613
Canada,2005,3743
Canada,2006,3512
Canada,2007,3611
Canada,2008,3705
Canada,2009,3890
Canada,2010,3951
Canada,2011,3728
Canada,2012,3926
Canada,2013,4054
Cayman Islands,,
Cayman Islands,2000,0
Cayman Islands,2001,0
Cayman Islands,2002,0
Cayman Islands,2003,0
Cayman Islands,2004,0
Cayman Islands,2005,0
Cayman Islands,2006,3
Cayman Islands,2007,0
Cayman Islands,2008,0
Cayman Islands,2009,0
Cayman Islands,2010,1
Cayman Islands,2013,1
Chile,,
Chile,2000,1473
Chile,2001,1625
Chile,2002,1603
Chile,2003,1654
Chile,2004,1735
Chile,2005,1682
Chile,2006,1795
Chile,2007,1848
Chile,2008,2088
Chile,2009,2148
Chile,2010,2001
Chile,2011,2027
Chile,2012,1841
Chile,2013,1738
Chile,2014,1789
Chile,2015,1838
Colombia,,
Colombia,2000,2358
Colombia,2001,2412
Colombia,2002,2379
Colombia,2003,2269
Colombia,2004,2244
Colombia,2005,2102
Colombia,2006,2177
Colombia,2007,2181
Colombia,2008,2220
Colombia,2009,2249
Colombia,2010,2107
Colombia,2011,2044
Colombia,2012,2119
Colombia,2013,2068
Colombia,2014,2126
Colombia,2015,2332
Costa Rica,,
Costa Rica,2000,239
Costa Rica,2001,198
Costa Rica,2002,275
Costa Rica,2003,315
Costa Rica,2004,325
Costa Rica,2005,272
Costa Rica,2006,350
Costa Rica,2007,270
Costa Rica,2008,261
Costa Rica,2009,278
Costa Rica,2010,311
Costa Rica,2011,316
Costa Rica,2012,302
Costa Rica,2013,311
Costa Rica,2014,268
Croatia,,
Croatia,2000,926
Croatia,2001,881
Croatia,2002,874
Croatia,2003,865
Croatia,2004,871
Croatia,2005,874
Croatia,2006,796
Croatia,2007,775
Croatia,2008,793
Croatia,2009,790
Croatia,2010,776
Croatia,2011,702
Croatia,2012,776
Croatia,2013,692
Croatia,2014,722
Croatia,2015,739
Cuba,,
Cuba,2000,1845
Cuba,2001,1652
Cuba,2002,1606
Cuba,2003,1499
Cuba,2004,1515
Cuba,2005,1397
Cuba,2006,1376
Cuba,2007,1307
Cuba,2008,1377
Cuba,2009,1477
Cuba,2010,1558
Cuba,2011,1529
Cuba,2012,1495
Cuba,2013,1499
Cuba,2014,1453
Cuba,2015,1511
Cyprus,,
Cyprus,2000,7
Cyprus,2002,
Cyprus,2003,
Cyprus,2004,7
Cyprus,2005,17
Cyprus,2006,19
Cyprus,2007,19
Cyprus,2008,41
Cyprus,2009,32
Cyprus,2010,38
Cyprus,2011,30
Cyprus,2012,36
Cyprus,2013,45
Cyprus,2014,44
Cyprus,2015,40
Czech Republic,,
Czech Republic,2000,1649
Czech Republic,2001,1623
Czech Republic,2002,1534
Czech Republic,2003,1719
Czech Republic,2004,1583
Czech Republic,2005,1565
Czech Republic,2006,1400
Czech Republic,2007,1379
Czech Republic,2008,1379
Czech Republic,2009,1464
Czech Republic,2010,1502
Czech Republic,2011,1590
Czech Republic,2012,1658
Czech Republic,2013,1577
Czech Republic,2014,1489
Czech Republic,2015,1387
Denmark,,
Denmark,2000,728
Denmark,2001,727
Denmark,2002,688
Denmark,2003,633
Denmark,2004,661
Denmark,2005,631
Denmark,2006,650
Denmark,2007,581
Denmark,2008,603
Denmark,2009,622
Denmark,2010,563
Denmark,2011,589
Denmark,2012,661
Denmark,2013,610
Denmark,2014,629
Denmark,2015,564
Dominica,,
Dominica,2000,2
Dominica,2001,5
Dominica,2002,2
Dominica,2003,2
Dominica,2004,2
Dominica,2005,1
Dominica,2006,0
Dominica,2007,2
Dominica,2008,3
Dominica,2009,1
Dominica,2010,3
Dominica,2011,5
Dominica,2012,2
Dominica,2013,1
Dominica,2014,3
Dominica,2015,5
Dominican Republic,,
Dominican Republic,2000,148
Dominican Republic,2001,152
Dominican Republic,2002,137
Dominican Republic,2003,156
Dominican Republic,2004,149
Dominican Republic,2005,221
Dominican Republic,2006,157
Dominican Republic,2007,169
Dominican Republic,2008,184
Dominican Republic,2009,203
Dominican Republic,2010,210
Dominican Republic,2011,221
Dominican Republic,2012,254
Dominican Republic,2013,445
Ecuador,,
Ecuador,2000,534
Ecuador,2001,584
Ecuador,2002,577
Ecuador,2003,675
Ecuador,2004,791
Ecuador,2005,943
Ecuador,2006,900
Ecuador,2007,1005
Ecuador,2008,928
Ecuador,2009,964
Ecuador,2010,912
Ecuador,2011,918
Ecuador,2012,976
Ecuador,2013,676
Ecuador,2014,734
Ecuador,2015,1073
Egypt,,
Egypt,2000,48
Egypt,2001,49
Egypt,2002,36
Egypt,2003,42
Egypt,2004,54
Egypt,2005,52
Egypt,2006,43
Egypt,2007,32
Egypt,2008,41
Egypt,2009,52
Egypt,2010,48
Egypt,2011,176
Egypt,2012,211
Egypt,2013,149
Egypt,2014,88
Egypt,2015,48
El Salvador,,
El Salvador,2000,461
El Salvador,2001,514
El Salvador,2002,436
El Salvador,2003,527
El Salvador,2004,464
El Salvador,2005,455
El Salvador,2006,411
El Salvador,2007,501
El Salvador,2008,490
El Salvador,2009,506
El Salvador,2010,399
El Salvador,2011,485
El Salvador,2012,512
El Salvador,2013,484
El Salvador,2014,386
Estonia,,
Estonia,2000,377
Estonia,2001,401
Estonia,2002,371
Estonia,2003,342
Estonia,2004,323
Estonia,2005,273
Estonia,2006,247
Estonia,2007,251
Estonia,2008,242
Estonia,2009,269
Estonia,2010,223
Estonia,2011,218
Estonia,2012,237
Estonia,2013,218
Estonia,2014,241
Estonia,2015,195
Fiji,,
Fiji,2001,36
Fiji,2002,42
Fiji,2003,10
Fiji,2004,24
Fiji,2005,22
Fiji,2006,24
Fiji,2007,13
Fiji,2008,37
Fiji,2009,26
Fiji,2011,38
Fiji,2012,32
Finland,,
Finland,2000,1165
Finland,2001,1204
Finland,2002,1095
Finland,2003,1075
Finland,2004,1064
Finland,2005,994
Finland,2006,1062
Finland,2007,995
Finland,2008,1033
Finland,2009,1034
Finland,2010,954
Finland,2011,912
Finland,2012,873
Finland,2013,887
Finland,2014,789
Finland,2015,731
France,,
France,2000,10849
France,2001,10449
France,2002,10643
France,2003,10871
France,2004,10804
France,2005,10713
France,2006,10423
France,2007,10127
France,2008,10353
France,2009,10499
France,2010,10379
France,2011,10408
France,2012,9743
France,2013,9600
France,2014,8881
French Guiana,,
French Guiana,2001,7
French Guiana,2002,11
French Guiana,2003,23
French Guiana,2004,27
French Guiana,2005,25
French Guiana,2006,13
French Guiana,2007,23
French Guiana,2008,20
French Guiana,2009,16
French Guiana,2010,16
French Guiana,2011,21
French Guiana,2012,19
French Guiana,2013,19
French Guiana,2014,15
Georgia,,
Georgia,2000,130
Georgia,2001,100
Georgia,2002,
Georgia,2003,
Georgia,2004,175
Georgia,2005,87
Georgia,2006,72
Georgia,2007,104
Georgia,2008,
Georgia,2009,188
Georgia,2010,112
Georgia,2011,99
Georgia,2012,104
Georgia,2013,157
Georgia,2014,194
Georgia,2015,192
Germany,,
Germany,2000,11073
Germany,2001,11167
Germany,2002,11176
Germany,2003,11155
Germany,2004,10741
Germany,2005,10270
Germany,2006,9775
Germany,2007,9409
Germany,2008,9459
Germany,2009,9579
Germany,2010,10030
Germany,2011,10153
Germany,2012,9896
Germany,2013,10091
Germany,2014,10217
Germany,2015,10088
Greece,,
Greece,2000,382
Greece,2001,334
Greece,2002,323
Greece,2003,375
Greece,2004,353
Greece,2005,400
Greece,2006,394
Greece,2007,328
Greece,2008,373
Greece,2009,391
Greece,2010,377
Greece,2011,477
Greece,2012,508
Greece,2013,533
Greece,2014,565
Greece,2015,529
Grenada,,
Grenada,2001,0
Grenada,2002,0
Grenada,2003,4
Grenada,2004,1
Grenada,2005,6
Grenada,2006,1
Grenada,2007,3
Grenada,2008,0
Grenada,2009,0
Grenada,2010,0
Grenada,2011,1
Grenada,2012,2
Grenada,2013,0
Grenada,2014,0
Grenada,2015,0
Guadeloupe,,
Guadeloupe,2000,37
Guadeloupe,2001,33
Guadeloupe,2002,36
Guadeloupe,2003,31
Guadeloupe,2004,39
Guadeloupe,2005,46
Guadeloupe,2006,39
Guadeloupe,2007,34
Guadeloupe,2008,43
Guadeloupe,2009,39
Guadeloupe,2010,44
Guadeloupe,2011,32
Guadeloupe,2012,40
Guadeloupe,2013,39
Guadeloupe,2014,25
Guatemala,,
Guatemala,2000,182
Guatemala,2001,202
Guatemala,2002,258
Guatemala,2003,253
Guatemala,2004,250
Guatemala,2005,238
Guatemala,2006,298
Guatemala,2007,327
Guatemala,2008,492
Guatemala,2009,511
Guatemala,2010,352
Guatemala,2011,359
Guatemala,2012,420
Guatemala,2013,455
Guatemala,2014,512
Guatemala,2015,494
Guyana,,
Guyana,2001,197
Guyana,2002,176
Guyana,2003,198
Guyana,2004,186
Guyana,2005,169
Guyana,2006,201
Guyana,2007,185
Guyana,2008,168
Guyana,2009,156
Guyana,2010,205
Guyana,2011,192
Guyana,2012,206
Guyana,2013,210
Haiti,,
Haiti,2001,16
Haiti,2002,4
Haiti,2003,1
Haiti,2004,1
Honduras,,
Honduras,2008,37
Honduras,2009,92
Honduras,2010,111
Honduras,2011,112
Honduras,2012,111
Honduras,2013,94
Hong Kong SAR,,
Hong Kong SAR,2000,890
Hong Kong SAR,2001,997
Hong Kong SAR,2002,1040
Hong Kong SAR,2003,1101
Hong Kong SAR,2004,1272
Hong Kong SAR,2005,1143
Hong Kong SAR,2006,1041
Hong Kong SAR,2007,918
Hong Kong SAR,2008,877
Hong Kong SAR,2009,1024
Hong Kong SAR,2010,1007
Hong Kong SAR,2011,816
Hong Kong SAR,2012,822
Hong Kong SAR,2013,997
Hong Kong SAR,2014,926
Hong Kong SAR,2015,990
Hungary,,
Hungary,2000,3269
Hungary,2001,2978
Hungary,2002,2839
Hungary,2003,2800
Hungary,2004,2742
Hungary,2005,2619
Hungary,2006,2461
Hungary,2007,2450
Hungary,2008,2476
Hungary,2009,2460
Hungary,2010,2489
Hungary,2011,2420
Hungary,2012,2349
Hungary,2013,2092
Hungary,2014,1925
Hungary,2015,1868
Iceland,,
Iceland,2000,50
Iceland,2001,36
Iceland,2002,30
Iceland,2003,26
Iceland,2004,35
Iceland,2005,33
Iceland,2006,32
Iceland,2007,37
Iceland,2008,38
Iceland,2009,36
Iceland,2010,46
Iceland,2011,27
Iceland,2012,37
Iceland,2013,49
Iceland,2014,44
Iceland,2015,40
Iran (Islamic Rep of),,
Iran (Islamic Rep of),2013,2442
Iran (Islamic Rep of),2014,2485
Iran (Islamic Rep of),2015,2372
Iraq,,
Iraq,2008,3
Ireland,,
Ireland,2000,463
Ireland,2001,488
Ireland,2002,449
Ireland,2003,454
Ireland,2004,464
Ireland,2005,451
Ireland,2006,452
Ireland,2007,458
Ireland,2008,506
Ireland,2009,527
Ireland,2010,486
Ireland,2011,554
Ireland,2012,542
Ireland,2013,487
Ireland,2014,486
Israel,,
Israel,2000,394
Israel,2001,398
Israel,2002,382
Israel,2003,417
Israel,2004,411
Israel,2005,425
Israel,2006,367
Israel,2007,326
Israel,2008,354
Israel,2009,404
Israel,2010,480
Israel,2011,409
Israel,2012,430
Israel,2013,372
Israel,2014,382
Israel,2015,342
Italy,,
Italy,2000,4108
Italy,2001,4030
Italy,2002,4069
Italy,2003,4075
Italy,2004,3986
Italy,2005,3742
Italy,2006,3700
Italy,2007,3757
Italy,2008,3904
Italy,2009,3974
Italy,2010,3989
Italy,2011,4153
Italy,2012,4257
Italy,2013,4290
Italy,2014,4147
Italy,2015,3988
Jamaica,,
Jamaica,2000,3
Jamaica,2001,5
Jamaica,2002,2
Jamaica,2003,2
Jamaica,2004,1
Jamaica,2005,51
Jamaica,2006,0
Jamaica,2009,36
Jamaica,2010,3
Jamaica,2011,50
Japan,,
Japan,2000,29989
Japan,2001,29132
Japan,2002,29715
Japan,2003,31881
Japan,2004,30034
Japan,2005,30369
Japan,2006,29769
Japan,2007,30665
Japan,2008,30073
Japan,2009,30523
Japan,2010,29411
Japan,2011,28766
Japan,2012,26338
Japan,2013,25991
Japan,2014,24357
Japan,2015,23092
Jordan,,
Jordan,2008,5
Jordan,2009,14
Jordan,2010,18
Jordan,2011,19
Jordan,2012,31
Kazakhstan,,
Kazakhstan,2000,4428
Kazakhstan,2001,4377
Kazakhstan,2002,4240
Kazakhstan,2003,4321
Kazakhstan,2004,4394
Kazakhstan,2005,3903
Kazakhstan,2006,4076
Kazakhstan,2007,4141
Kazakhstan,2008,3997
Kazakhstan,2009,3838
Kazakhstan,2010,3609
Kazakhstan,2011,3401
Kazakhstan,2012,3240
Kazakhstan,2013,3512
Kazakhstan,2014,3119
Kazakhstan,2015,2872
Kiribati,,
Kiribati,2000,0
Kiribati,2001,0
Kiribati,2011,
Kuwait,,
Kuwait,2000,34
Kuwait,2001,30
Kuwait,2002,45
Kuwait,2003,44
Kuwait,2004,45
Kuwait,2005,52
Kuwait,2006,45
Kuwait,2007,51
Kuwait,2008,47
Kuwait,2009,61
Kuwait,2010,39
Kuwait,2011,41
Kuwait,2012,56
Kuwait,2013,41
Kuwait,2014,68
Kyrgyzstan,,
Kyrgyzstan,2000,510
Kyrgyzstan,2001,560
Kyrgyzstan,2002,567
Kyrgyzstan,2003,479
Kyrgyzstan,2004,438
Kyrgyzstan,2005,470
Kyrgyzstan,2006,463
Kyrgyzstan,2007,482
Kyrgyzstan,2008,473
Kyrgyzstan,2009,458
Kyrgyzstan,2010,500
Kyrgyzstan,2011,471
Kyrgyzstan,2012,524
Kyrgyzstan,2013,446
Kyrgyzstan,2014,461
Kyrgyzstan,2015,417
Latvia,,
Latvia,2000,770
Latvia,2001,708
Latvia,2002,670
Latvia,2003,604
Latvia,2004,563
Latvia,2005,564
Latvia,2006,487
Latvia,2007,453
Latvia,2008,527
Latvia,2009,516
Latvia,2010,438
Latvia,2011,440
Latvia,2012,444
Latvia,2013,383
Latvia,2014,382
Latvia,2015,387
Lithuania,,
Lithuania,2000,1631
Lithuania,2001,1533
Lithuania,2002,1551
Lithuania,2003,1455
Lithuania,2004,1380
Lithuania,2005,1319
Lithuania,2006,1049
Lithuania,2007,1025
Lithuania,2008,1111
Lithuania,2009,1138
Lithuania,2010,1018
Lithuania,2011,1018
Lithuania,2012,927
Lithuania,2013,1085
Lithuania,2014,930
Lithuania,2015,896
Luxembourg,,
Luxembourg,2000,62
Luxembourg,2001,73
Luxembourg,2002,85
Luxembourg,2003,48
Luxembourg,2004,62
Luxembourg,2005,49
Luxembourg,2006,65
Luxembourg,2007,78
Luxembourg,2008,43
Luxembourg,2009,48
Luxembourg,2010,54
Luxembourg,2011,55
Luxembourg,2012,51
Luxembourg,2013,40
Luxembourg,2014,67
Luxembourg,2015,64
Malaysia,,
Malaysia,2000,118
Malaysia,2001,73
Malaysia,2002,46
Malaysia,2003,56
Malaysia,2004,66
Malaysia,2005,39
Malaysia,2006,63
Malaysia,2007,62
Malaysia,2008,59
Malaysia,2009,40
Malaysia,2010,39
Malaysia,2011,34
Malaysia,2012,29
Malaysia,2013,22
Malaysia,2014,21
Maldives,,
Maldives,2000,0
Maldives,2001,3
Maldives,2002,3
Maldives,2003,4
Maldives,2004,1
Maldives,2005,1
Maldives,2007,5
Maldives,2008,0
Maldives,2010,1
Maldives,2011,2
Malta,,
Malta,2000,23
Malta,2001,30
Malta,2002,19
Malta,2003,20
Malta,2004,24
Malta,2005,19
Malta,2006,26
Malta,2007,26
Malta,2008,14
Malta,2009,36
Malta,2010,31
Malta,2011,20
Malta,2012,25
Malta,2013,22
Malta,2014,32
Malta,2015,34
Martinique,,
Martinique,2000,33
Martinique,2001,40
Martinique,2002,31
Martinique,2003,32
Martinique,2004,34
Martinique,2005,26
Martinique,2006,36
Martinique,2007,32
Martinique,2008,50
Martinique,2009,26
Martinique,2010,26
Martinique,2011,37
Martinique,2013,27
Martinique,2014,32
Mauritius,,
Mauritius,2000,137
Mauritius,2001,113
Mauritius,2002,131
Mauritius,2003,88
Mauritius,2004,97
Mauritius,2005,102
Mauritius,2006,118
Mauritius,2007,127
Mauritius,2008,84
Mauritius,2009,115
Mauritius,2010,98
Mauritius,2011,118
Mauritius,2012,115
Mauritius,2013,98
Mauritius,2014,120
Mauritius,2015,104
Mayotte,,
Mayotte,2011,0
Mayotte,2012,2
Mayotte,2013,3
Mayotte,2014,1
Mexico,,
Mexico,2000,3456
Mexico,2001,3760
Mexico,2002,3826
Mexico,2003,4070
Mexico,2004,4056
Mexico,2005,4274
Mexico,2006,4230
Mexico,2007,4285
Mexico,2008,4642
Mexico,2009,5023
Mexico,2010,4858
Mexico,2011,5558
Mexico,2012,5381
Mexico,2013,5711
Mexico,2014,6178
Mexico,2015,6234
Montenegro,,
Montenegro,2000,0
Montenegro,2001,0
Montenegro,2002,0
Montenegro,2003,0
Montenegro,2004,0
Montenegro,2005,118
Montenegro,2006,0
Montenegro,2007,121
Montenegro,2008,126
Montenegro,2009,107
Montserrat,,
Montserrat,2000,0
Montserrat,2001,0
Montserrat,2002,0
Montserrat,2003,0
Montserrat,2004,0
Montserrat,2005,0
Montserrat,2006,0
Montserrat,2007,0
Montserrat,2008,0
Montserrat,2009,0
Montserrat,2010,1
Montserrat,2011,0
Montserrat,2012,0
Montserrat,2013,0
Montserrat,2014,0
Montserrat,2015,0
Morocco,,
Morocco,2000,21
Morocco,2001,11
Morocco,2002,22
Morocco,2003,40
Morocco,2004,20
Morocco,2007,9
Morocco,2008,10
Morocco,2009,23
Morocco,2010,36
Morocco,2011,47
Morocco,2012,149
Morocco,2013,158
Morocco,2014,118
Netherlands,,
Netherlands,2000,1501
Netherlands,2001,1474
Netherlands,2002,1570
Netherlands,2003,1502
Netherlands,2004,1514
Netherlands,2005,1574
Netherlands,2006,1525
Netherlands,2007,1354
Netherlands,2008,1439
Netherlands,2009,1530
Netherlands,2010,1604
Netherlands,2011,1650
Netherlands,2012,1756
Netherlands,2013,1856
Netherlands,2014,1839
Netherlands,2015,1873
Netherlands Antilles,,
Netherlands Antilles,2000,5
New Zealand,,
New Zealand,2000,458
New Zealand,2001,508
New Zealand,2002,467
New Zealand,2003,519
New Zealand,2004,495
New Zealand,2005,514
New Zealand,2006,527
New Zealand,2007,494
New Zealand,2008,520
New Zealand,2009,512
New Zealand,2010,536
New Zealand,2011,493
New Zealand,2012,549
New Zealand,2013,513
Nicaragua,,
Nicaragua,2000,363
Nicaragua,2001,365
Nicaragua,2002,362
Nicaragua,2003,389
Nicaragua,2004,393
Nicaragua,2005,391
Nicaragua,2006,319
Nicaragua,2007,352
Nicaragua,2008,384
Nicaragua,2009,366
Nicaragua,2010,351
Nicaragua,2011,369
Nicaragua,2012,316
Nicaragua,2013,351
Nicaragua,2014,311
Nicaragua,2015,315
Norway,,
Norway,2000,541
Norway,2001,549
Norway,2002,494
Norway,2003,502
Norway,2004,529
Norway,2005,533
Norway,2006,532
Norway,2007,485
Norway,2008,505
Norway,2009,573
Norway,2010,548
Norway,2011,598
Norway,2012,515
Norway,2013,554
Norway,2014,548
Norway,2015,590
Occupied Palestinian Territory,,
Occupied Palestinian Territory,2008,5
Occupied Palestinian Territory,2009,2
Occupied Palestinian Territory,2010,2
Occupied Palestinian Territory,2011,6
Occupied Palestinian Territory,2012,4
Occupied Palestinian Territory,2013,6
Occupied Palestinian Territory,2014,12
Occupied Palestinian Territory,2015,12
Oman,,
Oman,2009,13
Oman,2010,13
Oman,2014,7
Panama,,
Panama,2000,143
Panama,2001,162
Panama,2002,160
Panama,2003,195
Panama,2004,186
Panama,2005,172
Panama,2006,185
Panama,2007,171
Panama,2008,186
Panama,2009,177
Panama,2010,151
Panama,2011,144
Panama,2012,135
Panama,2013,130
Panama,2014,147
Panama,2015,110
Paraguay,,
Paraguay,2000,154
Paraguay,2001,152
Paraguay,2002,177
Paraguay,2003,174
Paraguay,2004,234
Paraguay,2005,239
Paraguay,2006,251
Paraguay,2007,227
Paraguay,2008,222
Paraguay,2009,283
Paraguay,2010,223
Paraguay,2011,298
Paraguay,2012,275
Paraguay,2013,323
Paraguay,2014,379
Peru,,
Peru,2000,227
Peru,2001,224
Peru,2002,250
Peru,2003,235
Peru,2004,219
Peru,2005,198
Peru,2006,229
Peru,2007,407
Peru,2008,403
Peru,2009,150
Peru,2010,261
Peru,2011,478
Peru,2012,591
Peru,2013,344
Peru,2014,402
Peru,2015,264
Philippines,,
Philippines,2000,1403
Philippines,2001,1204
Philippines,2002,1301
Philippines,2003,1544
Philippines,2006,1788
Philippines,2007,1698
Philippines,2008,1820
Philippines,2009,2074
Philippines,2010,2116
Philippines,2011,2449
Philippines,2013,
Philippines,2014,
Poland,,
Poland,2000,5841
Poland,2001,5855
Poland,2002,5925
Poland,2003,5836
Poland,2004,6072
Poland,2005,6045
Poland,2006,5805
Poland,2007,5284
Poland,2008,5682
Poland,2009,6477
Poland,2010,6357
Poland,2011,6113
Poland,2012,6368
Poland,2013,6218
Poland,2014,5934
Poland,2015,5420
Portugal,,
Portugal,2000,524
Portugal,2001,761
Portugal,2002,1210
Portugal,2003,1156
Portugal,2004,
Portugal,2005,
Portugal,2006,
Portugal,2007,1020
Portugal,2008,1038
Portugal,2009,1025
Portugal,2010,1099
Portugal,2011,1017
Portugal,2012,1076
Portugal,2013,1052
Portugal,2014,1222
Puerto Rico,,
Puerto Rico,2000,305
Puerto Rico,2001,289
Puerto Rico,2002,239
Puerto Rico,2003,262
Puerto Rico,2004,279
Puerto Rico,2005,289
Puerto Rico,2006,265
Puerto Rico,2007,271
Puerto Rico,2008,300
Puerto Rico,2009,330
Puerto Rico,2010,286
Puerto Rico,2011,258
Puerto Rico,2012,248
Puerto Rico,2013,241
Puerto Rico,2014,220
Puerto Rico,2015,226
Qatar,,
Qatar,2001,23
Qatar,2004,21
Qatar,2005,17
Qatar,2006,29
Qatar,2007,41
Qatar,2008,33
Qatar,2009,44
Qatar,2010,47
Qatar,2011,50
Qatar,2012,43
Qatar,2013,37
Qatar,2014,55
Qatar,2015,66
Republic of Korea,,
Republic of Korea,2000,6444
Republic of Korea,2001,6911
Republic of Korea,2002,8611
Republic of Korea,2003,10898
Republic of Korea,2004,11492
Republic of Korea,2005,12011
Republic of Korea,2006,10653
Republic of Korea,2007,12174
Republic of Korea,2008,12858
Republic of Korea,2009,15402
Republic of Korea,2010,15558
Republic of Korea,2011,15906
Republic of Korea,2012,14159
Republic of Korea,2013,14426
Republic of Korea,2014,13834
Republic of Korea,2015,13510
Republic of Moldova,,
Republic of Moldova,2000,544
Republic of Moldova,2001,622
Republic of Moldova,2002,583
Republic of Moldova,2003,620
Republic of Moldova,2004,603
Republic of Moldova,2005,631
Republic of Moldova,2006,637
Republic of Moldova,2007,562
Republic of Moldova,2008,620
Republic of Moldova,2009,651
Republic of Moldova,2010,676
Republic of Moldova,2011,502
Republic of Moldova,2012,571
Republic of Moldova,2013,576
Republic of Moldova,2014,581
Republic of Moldova,2015,556
Reunion,,
Reunion,2001,97
Reunion,2002,93
Reunion,2003,107
Reunion,2004,80
Reunion,2005,89
Reunion,2006,92
Reunion,2007,92
Reunion,2008,93
Reunion,2009,99
Reunion,2010,89
Reunion,2011,76
Reunion,2012,84
Reunion,2013,93
Reunion,2014,82
Rodrigues,,
Rodrigues,2001,2
Rodrigues,2002,3
Rodrigues,2004,1
Rodrigues,2005,1
Rodrigues,2006,3
Rodrigues,2007,1
Rodrigues,2008,2
Rodrigues,2009,3
Rodrigues,2010,5
Rodrigues,2011,3
Rodrigues,2012,1
Rodrigues,2013,2
Rodrigues,2014,6
Rodrigues,2015,2
Romania,,
Romania,2000,2836
Romania,2001,2720
Romania,2002,3067
Romania,2003,2894
Romania,2004,2720
Romania,2005,2603
Romania,2006,2721
Romania,2007,2430
Romania,2008,2472
Romania,2009,2586
Romania,2010,2766
Romania,2011,2536
Romania,2012,2495
Romania,2013,2407
Romania,2014,2209
Romania,2015,2228
Russian Federation,,
Russian Federation,2000,56619
Russian Federation,2001,56958
Russian Federation,2002,55024
Russian Federation,2003,51445
Russian Federation,2004,49096
Russian Federation,2005,45802
Russian Federation,2006,42614
Russian Federation,2007,41149
Russian Federation,2008,38211
Russian Federation,2009,37408
Russian Federation,2010,33356
Russian Federation,2011,31038
Russian Federation,2012,29643
Russian Federation,2013,28690
Russian Federation,2014,26541
Russian Federation,2015,25432
Saint Kitts and Nevis,,
Saint Kitts and Nevis,2000,1
Saint Kitts and Nevis,2001,1
Saint Kitts and Nevis,2002,1
Saint Kitts and Nevis,2003,0
Saint Kitts and Nevis,2004,1
Saint Kitts and Nevis,2005,1
Saint Kitts and Nevis,2006,0
Saint Kitts and Nevis,2007,1
Saint Kitts and Nevis,2008,0
Saint Kitts and Nevis,2009,1
Saint Kitts and Nevis,2010,2
Saint Kitts and Nevis,2011,1
Saint Kitts and Nevis,2012,2
Saint Kitts and Nevis,2014,0
Saint Kitts and Nevis,2015,0
Saint Lucia,,
Saint Lucia,2000,14
Saint Lucia,2001,7
Saint Lucia,2002,12
Saint Lucia,2003,10
Saint Lucia,2004,8
Saint Lucia,2005,4
Saint Lucia,2006,2
Saint Lucia,2008,0
Saint Lucia,2009,13
Saint Lucia,2010,4
Saint Lucia,2011,8
Saint Lucia,2012,10
Saint Lucia,2013,14
Saint Lucia,2014,14
Saint Pierre and Miquelon,,
Saint Pierre and Miquelon,2005,2
Saint Pierre and Miquelon,2006,1
Saint Pierre and Miquelon,2008,1
Saint Pierre and Miquelon,2009,0
Saint Pierre and Miquelon,2010,1
Saint Vincent and Grenadines,,
Saint Vincent and Grenadines,2000,5
Saint Vincent and Grenadines,2001,8
Saint Vincent and Grenadines,2002,7
Saint Vincent and Grenadines,2003,4
Saint Vincent and Grenadines,2004,4
Saint Vincent and Grenadines,2005,8
Saint Vincent and Grenadines,2006,6
Saint Vincent and Grenadines,2007,11
Saint Vincent and Grenadines,2008,4
Saint Vincent and Grenadines,2009,1
Saint Vincent and Grenadines,2010,5
Saint Vincent and Grenadines,2011,5
Saint Vincent and Grenadines,2012,10
Saint Vincent and Grenadines,2013,0
Saint Vincent and Grenadines,2014,2
Saint Vincent and Grenadines,2015,3
San Marino,,
San Marino,2000,1
San Marino,2002,5
San Marino,2005,1
San Marino,2011,
San Marino,2012,
San Marino,2013,
San Marino,2014,
San Marino,2015,
Saudi Arabia,,
Saudi Arabia,2009,59
Saudi Arabia,2012,76
Serbia,,
Serbia,2000,1543
Serbia,2001,1442
Serbia,2002,1446
Serbia,2003,1378
Serbia,2004,1345
Serbia,2005,1437
Serbia,2006,1443
Serbia,2007,1353
Serbia,2008,1289
Serbia,2009,1373
Serbia,2010,1207
Serbia,2011,1256
Serbia,2012,1243
Serbia,2013,1197
Serbia,2014,1134
Serbia,2015,1062
Seychelles,,
Seychelles,2001,6
Seychelles,2002,5
Seychelles,2003,8
Seychelles,2004,6
Seychelles,2005,5
Seychelles,2006,8
Seychelles,2007,6
Seychelles,2008,4
Seychelles,2009,4
Seychelles,2010,6
Seychelles,2011,5
Seychelles,2012,3
Seychelles,2013,9
Seychelles,2014,4
Seychelles,2015,7
Singapore,,
Singapore,2000,309
Singapore,2001,305
Singapore,2002,321
Singapore,2003,320
Singapore,2004,335
Singapore,2005,359
Singapore,2006,372
Singapore,2007,328
Singapore,2008,319
Singapore,2009,349
Singapore,2010,296
Singapore,2011,308
Singapore,2012,392
Singapore,2013,357
Singapore,2014,355
Singapore,2015,329
Slovakia,,
Slovakia,2000,729
Slovakia,2001,692
Slovakia,2002,717
Slovakia,2003,753
Slovakia,2004,676
Slovakia,2005,679
Slovakia,2006,0
Slovakia,2007,0
Slovakia,2008,591
Slovakia,2009,601
Slovakia,2010,631
Slovakia,2011,
Slovakia,2012,571
Slovakia,2013,616
Slovakia,2014,554
Slovenia,,
Slovenia,2000,588
Slovenia,2001,581
Slovenia,2002,540
Slovenia,2003,562
Slovenia,2004,512
Slovenia,2005,503
Slovenia,2006,529
Slovenia,2007,434
Slovenia,2008,408
Slovenia,2009,447
Slovenia,2010,414
Slovenia,2011,435
Slovenia,2012,440
Slovenia,2013,446
Slovenia,2014,388
Slovenia,2015,422
South Africa,,
South Africa,2000,267
South Africa,2001,384
South Africa,2002,236
South Africa,2003,256
South Africa,2004,383
South Africa,2005,458
South Africa,2006,514
South Africa,2007,417
South Africa,2008,441
South Africa,2009,372
South Africa,2010,393
South Africa,2011,358
South Africa,2012,487
South Africa,2013,587
South Africa,2014,580
South Africa,2015,482
Spain,,
Spain,2000,3394
Spain,2001,3189
Spain,2002,3372
Spain,2003,3478
Spain,2004,3508
Spain,2005,3399
Spain,2006,3247
Spain,2007,3264
Spain,2008,3457
Spain,2009,3429
Spain,2010,3158
Spain,2011,3180
Spain,2012,3539
Spain,2013,3873
Spain,2014,3911
Spain,2015,3604
Sri Lanka,,
Sri Lanka,2000,5252
Sri Lanka,2001,4590
Sri Lanka,2002,4382
Sri Lanka,2003,4467
Sri Lanka,2006,4015
Suriname,,
Suriname,2000,52
Suriname,2001,72
Suriname,2002,69
Suriname,2003,77
Suriname,2004,67
Suriname,2005,72
Suriname,2006,112
Suriname,2007,119
Suriname,2008,147
Suriname,2009,131
Suriname,2010,136
Suriname,2011,127
Suriname,2012,133
Suriname,2013,131
Suriname,2014,128
Sweden,,
Sweden,2000,1131
Sweden,2001,1197
Sweden,2002,1180
Sweden,2003,1112
Sweden,2004,1155
Sweden,2005,1219
Sweden,2006,1197
Sweden,2007,1126
Sweden,2008,1170
Sweden,2009,1242
Sweden,2010,1141
Sweden,2011,1112
Sweden,2012,1154
Sweden,2013,1230
Sweden,2014,1148
Sweden,2015,1182
Switzerland,,
Switzerland,2000,1380
Switzerland,2001,1338
Switzerland,2002,1446
Switzerland,2003,1269
Switzerland,2004,1284
Switzerland,2005,1299
Switzerland,2006,1309
Switzerland,2007,1360
Switzerland,2008,1314
Switzerland,2009,1105
Switzerland,2010,1006
Switzerland,2011,1034
Switzerland,2012,1038
Switzerland,2013,1071
Switzerland,2014,1032
Switzerland,2015,1073
Syrian Arab Republic,,
Syrian Arab Republic,2000,23
Syrian Arab Republic,2001,11
Syrian Arab Republic,2002,30
Syrian Arab Republic,2003,26
Syrian Arab Republic,2004,29
Syrian Arab Republic,2005,23
Syrian Arab Republic,2006,27
Syrian Arab Republic,2007,29
Syrian Arab Republic,2008,34
Syrian Arab Republic,2009,21
Syrian Arab Republic,2010,32
Tajikistan,,
Tajikistan,2000,177
Tajikistan,2001,163
Tajikistan,2002,141
Tajikistan,2003,169
Tajikistan,2004,172
Tajikistan,2005,187
TFYR Macedonia,,
TFYR Macedonia,2000,150
TFYR Macedonia,2001,152
TFYR Macedonia,2002,149
TFYR Macedonia,2003,137
TFYR Macedonia,2004,179
TFYR Macedonia,2005,143
TFYR Macedonia,2006,166
TFYR Macedonia,2007,159
TFYR Macedonia,2008,161
TFYR Macedonia,2009,167
TFYR Macedonia,2010,122
TFYR Macedonia,2011,128
TFYR Macedonia,2012,172
TFYR Macedonia,2013,170
TFYR Macedonia,2014,
Thailand,,
Thailand,2000,5182
Thailand,2002,4902
Thailand,2003,4484
Thailand,2004,4296
Thailand,2005,3937
Thailand,2006,3608
Thailand,2007,3754
Thailand,2008,3778
Thailand,2009,3787
Thailand,2010,3761
Thailand,2011,3873
Thailand,2012,3985
Thailand,2013,3961
Thailand,2014,3952
Thailand,2015,4205
Trinidad and Tobago,,
Trinidad and Tobago,2000,166
Trinidad and Tobago,2001,179
Trinidad and Tobago,2002,156
Trinidad and Tobago,2003,144
Trinidad and Tobago,2004,168
Trinidad and Tobago,2005,136
Trinidad and Tobago,2006,141
Trinidad and Tobago,2007,131
Trinidad and Tobago,2008,199
Trinidad and Tobago,2009,128
Trinidad and Tobago,2010,160
Trinidad and Tobago,2011,139
Tunisia,,
Tunisia,2009,22
Tunisia,2013,10
Turkey,,
Turkey,2009,1050
Turkey,2010,1524
Turkey,2011,1148
Turkey,2012,1450
Turkey,2013,1810
Turkey,2014,1617
Turkey,2015,1532
Turkmenistan,,
Turkmenistan,2000,383
Turkmenistan,2001,445
Turkmenistan,2002,416
Turkmenistan,2003,377
Turkmenistan,2004,392
Turkmenistan,2005,468
Turkmenistan,2006,506
Turkmenistan,2007,354
Turkmenistan,2008,484
Turkmenistan,2009,165
Turkmenistan,2010,178
Turkmenistan,2011,130
Turkmenistan,2012,138
Turkmenistan,2013,101
Turkmenistan,2014,136
Turkmenistan,2015,133
Turks and Caicos Islands,,
Turks and Caicos Islands,2000,0
Turks and Caicos Islands,2001,0
Turks and Caicos Islands,2002,0
Turks and Caicos Islands,2003,1
Turks and Caicos Islands,2004,1
Turks and Caicos Islands,2005,0
Turks and Caicos Islands,2006,0
Turks and Caicos Islands,2007,0
Turks and Caicos Islands,2008,0
Turks and Caicos Islands,2009,1
Turks and Caicos Islands,2013,0
Turks and Caicos Islands,2014,1
Ukraine,,
Ukraine,2000,14467
Ukraine,2001,13131
Ukraine,2002,12536
Ukraine,2003,12313
Ukraine,2004,11256
Ukraine,2005,10621
Ukraine,2006,10013
Ukraine,2007,10032
Ukraine,2008,9454
Ukraine,2009,9715
Ukraine,2010,9089
Ukraine,2011,8973
Ukraine,2012,9058
Ukraine,2014,7968
Ukraine,2015,7574
United Arab Emirates,,
United Arab Emirates,2005,96
United Arab Emirates,2006,90
United Arab Emirates,2007,101
United Arab Emirates,2008,100
United Arab Emirates,2009,124
United Arab Emirates,2010,111
United Kingdom,,
United Kingdom,2000,4290
United Kingdom,2001,4128
United Kingdom,2002,4117
United Kingdom,2003,3979
United Kingdom,2004,4183
United Kingdom,2005,4047
United Kingdom,2006,4122
United Kingdom,2007,3897
United Kingdom,2008,4259
United Kingdom,2009,4246
United Kingdom,2010,4188
United Kingdom,2011,4393
United Kingdom,2012,4444
United Kingdom,2013,4824
United Kingdom,2014,4788
United Kingdom,2015,4910
United States of America,,
United States of America,2000,29343
United States of America,2001,30607
United States of America,2002,31645
United States of America,2003,31477
United States of America,2004,32428
United States of America,2005,32629
United States of America,2006,33292
United States of America,2007,34596
United States of America,2008,36030
United States of America,2009,36900
United States of America,2010,38362
United States of America,2011,39508
United States of America,2012,40596
United States of America,2013,41143
United States of America,2014,42769
United States of America,2015,44189
Uruguay,,
Uruguay,2000,555
Uruguay,2001,499
Uruguay,2002,675
Uruguay,2003,535
Uruguay,2004,520
Uruguay,2005,498
Uruguay,2006,528
Uruguay,2007,576
Uruguay,2008,523
Uruguay,2009,511
Uruguay,2010,547
Uruguay,2012,599
Uruguay,2013,546
Uruguay,2014,591
Uruguay,2015,630
Uzbekistan,,
Uzbekistan,2000,1919
Uzbekistan,2001,1914
Uzbekistan,2002,1576
Uzbekistan,2003,1416
Uzbekistan,2004,1251
Uzbekistan,2005,1221
Uzbekistan,2009,1399
Uzbekistan,2010,1464
Uzbekistan,2011,1640
Uzbekistan,2012,1835
Uzbekistan,2013,1950
Uzbekistan,2014,2095
Venezuela (Bolivarian Republic of),,
Venezuela (Bolivarian Republic of),2000,1264
Venezuela (Bolivarian Republic of),2001,1379
Venezuela (Bolivarian Republic of),2002,1299
Venezuela (Bolivarian Republic of),2003,1150
Venezuela (Bolivarian Republic of),2004,1038
Venezuela (Bolivarian Republic of),2005,1016
Venezuela (Bolivarian Republic of),2006,945
Venezuela (Bolivarian Republic of),2007,897
Venezuela (Bolivarian Republic of),2008,870
Venezuela (Bolivarian Republic of),2009,751
Venezuela (Bolivarian Republic of),2010,775
Venezuela (Bolivarian Republic of),2011,760
Venezuela (Bolivarian Republic of),2012,731
Venezuela (Bolivarian Republic of),2013,618
Virgin Islands (USA),,
Virgin Islands (USA),2000,5
Virgin Islands (USA),2001,4
Virgin Islands (USA),2002,2
Virgin Islands (USA),2003,9
Virgin Islands (USA),2004,5
Virgin Islands (USA),2005,2
Virgin Islands (USA),2006,14
Virgin Islands (USA),2007,11
Virgin Islands (USA),2008,6
Virgin Islands (USA),2009,9
Virgin Islands (USA),2010,8
Virgin Islands (USA),2011,8
Virgin Islands (USA),2012,10
Virgin Islands (USA),2015,3
Grand Total,,3862202
